cities,states
Banff,AB
Brooks,AB
Calgary,AB
Edmonton,AB
Fort McMurray,AB
Grande Prairie,AB
Jasper,AB
Lake Louise,AB
Lethbridge,AB
Medicine Hat,AB
Red Deer,AB
Saint Albert,AB
Barkerville,BC
Burnaby,BC
Campbell River,BC
Chilliwack,BC
Courtenay,BC
Cranbrook,BC
Dawson Creek,BC
Delta,BC
Esquimalt,BC
Fort Saint James,BC
Fort Saint John,BC
Hope,BC
Kamloops,BC
Kelowna,BC
Kimberley,BC
Kitimat,BC
Langley,BC
Nanaimo,BC
Nelson,BC
New Westminster,BC
North Vancouver,BC
Oak Bay,BC
Penticton,BC
Powell River,BC
Prince George,BC
Prince Rupert,BC
Quesnel,BC
Revelstoke,BC
Rossland,BC
Trail,BC
Vancouver,BC
Vernon,BC
Victoria,BC
West Vancouver,BC
White Rock,BC
Brandon,MB
Churchill,MB
Dauphin,MB
Flin Flon,MB
Kildonan,MB
Saint Boniface,MB
Swan River,MB
Thompson,MB
Winnipeg,MB
York Factory,MB
Bathurst,NB
Caraquet,NB
Dalhousie,NB
Fredericton,NB
Miramichi,NB
Moncton,NB
Saint John,NB
Argentia,NL
Bonavista,NL
Channel-Port aux Basques,NL
Corner Brook,NL
Ferryland,NL
Gander,NL
Grand Falls–Windsor,NL
Happy Valley–Goose Bay,NL
Harbour Grace,NL
Labrador City,NL
Placentia,NL
Saint Anthony,NL
St. John’s,NL
Wabana,NL
Fort Smith,NT
Hay River,NT
Inuvik,NT
Tuktoyaktuk,NT
Yellowknife,NT
Baddeck,NS
Digby,NS
Glace Bay,NS
Halifax,NS
Liverpool,NS
Louisbourg,NS
Lunenburg,NS
Pictou,NS
Port Hawkesbury,NS
Springhill,NS
Sydney,NS
Yarmouth,NS
Iqaluit,NU
Bancroft,ON
Barrie,ON
Belleville,ON
Brampton,ON
Brantford,ON
Brockville,ON
Burlington,ON
Cambridge,ON
Chatham,ON
Chatham-Kent,ON
Cornwall,ON
Elliot Lake,ON
Etobicoke,ON
Fort Erie,ON
Fort Frances,ON
Gananoque,ON
Guelph,ON
Hamilton,ON
Iroquois Falls,ON
Kapuskasing,ON
Kawartha Lakes,ON
Kenora,ON
Kingston,ON
Kirkland Lake,ON
Kitchener,ON
Laurentian Hills,ON
London,ON
Midland,ON
Mississauga,ON
Moose Factory,ON
Moosonee,ON
Niagara Falls,ON
Niagara-on-the-Lake,ON
North Bay,ON
North York,ON
Oakville,ON
Orillia,ON
Oshawa,ON
Ottawa,ON
Parry Sound,ON
Perth,ON
Peterborough,ON
Picton,ON
Port Colborne,ON
Saint Catharines,ON
Saint Thomas,ON
Sarnia-Clearwater,ON
Sault Sainte Marie,ON
Scarborough,ON
Simcoe,ON
Stratford,ON
Sudbury,ON
Temiskaming Shores,ON
Thorold,ON
Thunder Bay,ON
Timmins,ON
Toronto,ON
Trenton,ON
Waterloo,ON
Welland,ON
West Nipissing,ON
Windsor,ON
Woodstock,ON
York,ON
Borden,PE
Cavendish,PE
Charlottetown,PE
Souris,PE
Summerside,PE
Asbestos,QC
Baie-Comeau,QC
Beloeil,QC
Cap-de-la-Madeleine,QC
Chambly,QC
Charlesbourg,QC
Châteauguay,QC
Chibougamau,QC
Côte-Saint-Luc,QC
Dorval,QC
Gaspé,QC
Gatineau,QC
Granby,QC
Havre-Saint-Pierre,QC
Hull,QC
Jonquière,QC
Kuujjuaq,QC
La Salle,QC
La Tuque,QC
Lachine,QC
Laval,QC
Lévis,QC
Longueuil,QC
Magog,QC
Matane,QC
Montreal,QC
Montréal-Nord,QC
Percé,QC
Port-Cartier,QC
Quebec,QC
Rimouski,QC
Rouyn-Noranda,QC
Saguenay,QC
Saint-Eustache,QC
Saint-Hubert,QC
Sainte-Anne-de-Beaupré,QC
Sainte-Foy,QC
Sainte-Thérèse,QC
Sept-Îles,QC
Sherbrooke,QC
Sorel-Tracy,QC
Trois-Rivières,QC
Val-d’Or,QC
Waskaganish,QC
Batoche,SK
Cumberland House,SK
Estevan,SK
Flin Flon,SK
Moose Jaw,SK
Prince Albert,SK
Regina,SK
Saskatoon,SK
Uranium City,SK
Dawson,YT
Watson Lake,YT
Whitehorse,YT